<?xml version="1.0" encoding="UTF-8" ?>
<!DOCTYPE configuration PUBLIC "-//mybatis.org//DTD Config 3.0//EN"
"http://mybatis.org/dtd/mybatis-3-config.dtd">
<configuration>

	<!-- 引入数据库连接配置 -->
	<properties resource="db.properties"></properties>
	
	<settings>
		<setting name="useGeneratedKeys" value="true"/>
		<setting name="cacheEnabled" value="false"/>
	</settings>
	
	<!-- 定义别名 -->
	<typeAliases>
		<!-- <typeAlias type="com.qfedu.mybatis.pojo.Blog" alias="Blog"/> -->
		<package name="com.qfedu.mybatis.pojo" />
	</typeAliases>
	
	<!-- 定义数据源 -->
	<environments default="development">
		<environment id="development">
			<transactionManager type="JDBC"></transactionManager>
			<dataSource type="POOLED">
				<property name="driver" value="${jdbc.driver}"/>
				<property name="url" value="${jdbc.url}"/>
				<property name="username" value="${jdbc.username}"/>
				<property name="password" value="${jdbc.password}"/>
			</dataSource>
		</environment>
		<!-- <environment id="test"></environment>
		<environment id="production"></environment> -->
	</environments>
	
	<!-- 定义映射文件 -->
	<mappers>
		<!-- <mapper resource="com/qfedu/mybatis/mapper/BlogMapper.xml"/> -->
		<package name="com.qfedu.mybatis.mapper"/>
	</mappers>
</configuration>