<?xml version="1.0" encoding="UTF-8" ?>
<!DOCTYPE mapper PUBLIC "-//mybatis.org//DTD Mapper 3.0//EN" "http://mybatis.org/dtd/mybatis-3-mapper.dtd" >
<mapper namespace="com.qfedu.mybatisblog.mapper.BlogMapper" >
  <resultMap id="BaseResultMap" type="com.qfedu.mybatisblog.pojo.Blog" >
    <id column="id" property="id" jdbcType="INTEGER" />
    <result column="title" property="title" jdbcType="VARCHAR" />
    <result column="author_id" property="authorId" jdbcType="INTEGER" />
    <result column="state" property="state" jdbcType="VARCHAR" />
    <result column="featured" property="featured" jdbcType="BIT" />
    <result column="style" property="style" jdbcType="VARCHAR" />
  </resultMap>
  <sql id="Example_Where_Clause" >
    <where >
      <foreach collection="oredCriteria" item="criteria" separator="or" >
        <if test="criteria.valid" >
          <trim prefix="(" suffix=")" prefixOverrides="and" >
            <foreach collection="criteria.criteria" item="criterion" >
              <choose >
                <when test="criterion.noValue" >
                  and ${criterion.condition}
                </when>
                <when test="criterion.singleValue" >
                  and ${criterion.condition} #{criterion.value}
                </when>
                <when test="criterion.betweenValue" >
                  and ${criterion.condition} #{criterion.value} and #{criterion.secondValue}
                </when>
                <when test="criterion.listValue" >
                  and ${criterion.condition}
                  <foreach collection="criterion.value" item="listItem" open="(" close=")" separator="," >
                    #{listItem}
                  </foreach>
                </when>
              </choose>
            </foreach>
          </trim>
        </if>
      </foreach>
    </where>
  </sql>
  <sql id="Update_By_Example_Where_Clause" >
    <where >
      <foreach collection="example.oredCriteria" item="criteria" separator="or" >
        <if test="criteria.valid" >
          <trim prefix="(" suffix=")" prefixOverrides="and" >
            <foreach collection="criteria.criteria" item="criterion" >
              <choose >
                <when test="criterion.noValue" >
                  and ${criterion.condition}
                </when>
                <when test="criterion.singleValue" >
                  and ${criterion.condition} #{criterion.value}
                </when>
                <when test="criterion.betweenValue" >
                  and ${criterion.condition} #{criterion.value} and #{criterion.secondValue}
                </when>
                <when test="criterion.listValue" >
                  and ${criterion.condition}
                  <foreach collection="criterion.value" item="listItem" open="(" close=")" separator="," >
                    #{listItem}
                  </foreach>
                </when>
              </choose>
            </foreach>
          </trim>
        </if>
      </foreach>
    </where>
  </sql>
  <sql id="Base_Column_List" >
    id, title, author_id, state, featured, style
  </sql>
  <select id="selectByExample" resultMap="BaseResultMap" parameterType="com.qfedu.mybatisblog.pojo.BlogExample" >
    select
    <if test="distinct" >
      distinct
    </if>
    <include refid="Base_Column_List" />
    from blog
    <if test="_parameter != null" >
      <include refid="Example_Where_Clause" />
    </if>
    <if test="orderByClause != null" >
      order by ${orderByClause}
    </if>
  </select>
  <select id="selectByPrimaryKey" resultMap="BaseResultMap" parameterType="java.lang.Integer" >
    select 
    <include refid="Base_Column_List" />
    from blog
    where id = #{id,jdbcType=INTEGER}
  </select>
  <delete id="deleteByPrimaryKey" parameterType="java.lang.Integer" >
    delete from blog
    where id = #{id,jdbcType=INTEGER}
  </delete>
  <delete id="deleteByExample" parameterType="com.qfedu.mybatisblog.pojo.BlogExample" >
    delete from blog
    <if test="_parameter != null" >
      <include refid="Example_Where_Clause" />
    </if>
  </delete>
  <insert id="insert" parameterType="com.qfedu.mybatisblog.pojo.Blog" >
    insert into blog (id, title, author_id, 
      state, featured, style)
    values (#{id,jdbcType=INTEGER}, #{title,jdbcType=VARCHAR}, #{authorId,jdbcType=INTEGER}, 
      #{state,jdbcType=VARCHAR}, #{featured,jdbcType=BIT}, #{style,jdbcType=VARCHAR})
  </insert>
  <insert id="insertSelective" parameterType="com.qfedu.mybatisblog.pojo.Blog" >
    insert into blog
    <trim prefix="(" suffix=")" suffixOverrides="," >
      <if test="id != null" >
        id,
      </if>
      <if test="title != null" >
        title,
      </if>
      <if test="authorId != null" >
        author_id,
      </if>
      <if test="state != null" >
        state,
      </if>
      <if test="featured != null" >
        featured,
      </if>
      <if test="style != null" >
        style,
      </if>
    </trim>
    <trim prefix="values (" suffix=")" suffixOverrides="," >
      <if test="id != null" >
        #{id,jdbcType=INTEGER},
      </if>
      <if test="title != null" >
        #{title,jdbcType=VARCHAR},
      </if>
      <if test="authorId != null" >
        #{authorId,jdbcType=INTEGER},
      </if>
      <if test="state != null" >
        #{state,jdbcType=VARCHAR},
      </if>
      <if test="featured != null" >
        #{featured,jdbcType=BIT},
      </if>
      <if test="style != null" >
        #{style,jdbcType=VARCHAR},
      </if>
    </trim>
  </insert>
  <select id="countByExample" parameterType="com.qfedu.mybatisblog.pojo.BlogExample" resultType="java.lang.Integer" >
    select count(*) from blog
    <if test="_parameter != null" >
      <include refid="Example_Where_Clause" />
    </if>
  </select>
  <update id="updateByExampleSelective" parameterType="map" >
    update blog
    <set >
      <if test="record.id != null" >
        id = #{record.id,jdbcType=INTEGER},
      </if>
      <if test="record.title != null" >
        title = #{record.title,jdbcType=VARCHAR},
      </if>
      <if test="record.authorId != null" >
        author_id = #{record.authorId,jdbcType=INTEGER},
      </if>
      <if test="record.state != null" >
        state = #{record.state,jdbcType=VARCHAR},
      </if>
      <if test="record.featured != null" >
        featured = #{record.featured,jdbcType=BIT},
      </if>
      <if test="record.style != null" >
        style = #{record.style,jdbcType=VARCHAR},
      </if>
    </set>
    <if test="_parameter != null" >
      <include refid="Update_By_Example_Where_Clause" />
    </if>
  </update>
  <update id="updateByExample" parameterType="map" >
    update blog
    set id = #{record.id,jdbcType=INTEGER},
      title = #{record.title,jdbcType=VARCHAR},
      author_id = #{record.authorId,jdbcType=INTEGER},
      state = #{record.state,jdbcType=VARCHAR},
      featured = #{record.featured,jdbcType=BIT},
      style = #{record.style,jdbcType=VARCHAR}
    <if test="_parameter != null" >
      <include refid="Update_By_Example_Where_Clause" />
    </if>
  </update>
  <update id="updateByPrimaryKeySelective" parameterType="com.qfedu.mybatisblog.pojo.Blog" >
    update blog
    <set >
      <if test="title != null" >
        title = #{title,jdbcType=VARCHAR},
      </if>
      <if test="authorId != null" >
        author_id = #{authorId,jdbcType=INTEGER},
      </if>
      <if test="state != null" >
        state = #{state,jdbcType=VARCHAR},
      </if>
      <if test="featured != null" >
        featured = #{featured,jdbcType=BIT},
      </if>
      <if test="style != null" >
        style = #{style,jdbcType=VARCHAR},
      </if>
    </set>
    where id = #{id,jdbcType=INTEGER}
  </update>
  <update id="updateByPrimaryKey" parameterType="com.qfedu.mybatisblog.pojo.Blog" >
    update blog
    set title = #{title,jdbcType=VARCHAR},
      author_id = #{authorId,jdbcType=INTEGER},
      state = #{state,jdbcType=VARCHAR},
      featured = #{featured,jdbcType=BIT},
      style = #{style,jdbcType=VARCHAR}
    where id = #{id,jdbcType=INTEGER}
  </update>
</mapper>