<?xml version="1.0" encoding="UTF-8" ?>
<!DOCTYPE mapper PUBLIC "-//mybatis.org//DTD Mapper 3.0//EN" "http://mybatis.org/dtd/mybatis-3-mapper.dtd" >
<mapper namespace="com.qfedu.mybatisblog.mapper.CommentMapper" >
  <resultMap id="BaseResultMap" type="com.qfedu.mybatisblog.pojo.Comment" >
    <id column="id" property="id" jdbcType="INTEGER" />
    <result column="post_id" property="postId" jdbcType="INTEGER" />
    <result column="name" property="name" jdbcType="VARCHAR" />
    <result column="comment" property="comment" jdbcType="VARCHAR" />
    <result column="create_on" property="createOn" jdbcType="TIMESTAMP" />
    <result column="author_id" property="authorId" jdbcType="INTEGER" />
  </resultMap>
  <sql id="Example_Where_Clause" >
    <where >
      <foreach collection="oredCriteria" item="criteria" separator="or" >
        <if test="criteria.valid" >
          <trim prefix="(" suffix=")" prefixOverrides="and" >
            <foreach collection="criteria.criteria" item="criterion" >
              <choose >
                <when test="criterion.noValue" >
                  and ${criterion.condition}
                </when>
                <when test="criterion.singleValue" >
                  and ${criterion.condition} #{criterion.value}
                </when>
                <when test="criterion.betweenValue" >
                  and ${criterion.condition} #{criterion.value} and #{criterion.secondValue}
                </when>
                <when test="criterion.listValue" >
                  and ${criterion.condition}
                  <foreach collection="criterion.value" item="listItem" open="(" close=")" separator="," >
                    #{listItem}
                  </foreach>
                </when>
              </choose>
            </foreach>
          </trim>
        </if>
      </foreach>
    </where>
  </sql>
  <sql id="Update_By_Example_Where_Clause" >
    <where >
      <foreach collection="example.oredCriteria" item="criteria" separator="or" >
        <if test="criteria.valid" >
          <trim prefix="(" suffix=")" prefixOverrides="and" >
            <foreach collection="criteria.criteria" item="criterion" >
              <choose >
                <when test="criterion.noValue" >
                  and ${criterion.condition}
                </when>
                <when test="criterion.singleValue" >
                  and ${criterion.condition} #{criterion.value}
                </when>
                <when test="criterion.betweenValue" >
                  and ${criterion.condition} #{criterion.value} and #{criterion.secondValue}
                </when>
                <when test="criterion.listValue" >
                  and ${criterion.condition}
                  <foreach collection="criterion.value" item="listItem" open="(" close=")" separator="," >
                    #{listItem}
                  </foreach>
                </when>
              </choose>
            </foreach>
          </trim>
        </if>
      </foreach>
    </where>
  </sql>
  <sql id="Base_Column_List" >
    id, post_id, name, comment, create_on, author_id
  </sql>
  <select id="selectByExample" resultMap="BaseResultMap" parameterType="com.qfedu.mybatisblog.pojo.CommentExample" >
    select
    <if test="distinct" >
      distinct
    </if>
    <include refid="Base_Column_List" />
    from comment
    <if test="_parameter != null" >
      <include refid="Example_Where_Clause" />
    </if>
    <if test="orderByClause != null" >
      order by ${orderByClause}
    </if>
  </select>
  <select id="selectByPrimaryKey" resultMap="BaseResultMap" parameterType="java.lang.Integer" >
    select 
    <include refid="Base_Column_List" />
    from comment
    where id = #{id,jdbcType=INTEGER}
  </select>
  <delete id="deleteByPrimaryKey" parameterType="java.lang.Integer" >
    delete from comment
    where id = #{id,jdbcType=INTEGER}
  </delete>
  <delete id="deleteByExample" parameterType="com.qfedu.mybatisblog.pojo.CommentExample" >
    delete from comment
    <if test="_parameter != null" >
      <include refid="Example_Where_Clause" />
    </if>
  </delete>
  <insert id="insert" parameterType="com.qfedu.mybatisblog.pojo.Comment" >
    insert into comment (id, post_id, name, 
      comment, create_on, author_id
      )
    values (#{id,jdbcType=INTEGER}, #{postId,jdbcType=INTEGER}, #{name,jdbcType=VARCHAR}, 
      #{comment,jdbcType=VARCHAR}, #{createOn,jdbcType=TIMESTAMP}, #{authorId,jdbcType=INTEGER}
      )
  </insert>
  <insert id="insertSelective" parameterType="com.qfedu.mybatisblog.pojo.Comment" >
    insert into comment
    <trim prefix="(" suffix=")" suffixOverrides="," >
      <if test="id != null" >
        id,
      </if>
      <if test="postId != null" >
        post_id,
      </if>
      <if test="name != null" >
        name,
      </if>
      <if test="comment != null" >
        comment,
      </if>
      <if test="createOn != null" >
        create_on,
      </if>
      <if test="authorId != null" >
        author_id,
      </if>
    </trim>
    <trim prefix="values (" suffix=")" suffixOverrides="," >
      <if test="id != null" >
        #{id,jdbcType=INTEGER},
      </if>
      <if test="postId != null" >
        #{postId,jdbcType=INTEGER},
      </if>
      <if test="name != null" >
        #{name,jdbcType=VARCHAR},
      </if>
      <if test="comment != null" >
        #{comment,jdbcType=VARCHAR},
      </if>
      <if test="createOn != null" >
        #{createOn,jdbcType=TIMESTAMP},
      </if>
      <if test="authorId != null" >
        #{authorId,jdbcType=INTEGER},
      </if>
    </trim>
  </insert>
  <select id="countByExample" parameterType="com.qfedu.mybatisblog.pojo.CommentExample" resultType="java.lang.Integer" >
    select count(*) from comment
    <if test="_parameter != null" >
      <include refid="Example_Where_Clause" />
    </if>
  </select>
  <update id="updateByExampleSelective" parameterType="map" >
    update comment
    <set >
      <if test="record.id != null" >
        id = #{record.id,jdbcType=INTEGER},
      </if>
      <if test="record.postId != null" >
        post_id = #{record.postId,jdbcType=INTEGER},
      </if>
      <if test="record.name != null" >
        name = #{record.name,jdbcType=VARCHAR},
      </if>
      <if test="record.comment != null" >
        comment = #{record.comment,jdbcType=VARCHAR},
      </if>
      <if test="record.createOn != null" >
        create_on = #{record.createOn,jdbcType=TIMESTAMP},
      </if>
      <if test="record.authorId != null" >
        author_id = #{record.authorId,jdbcType=INTEGER},
      </if>
    </set>
    <if test="_parameter != null" >
      <include refid="Update_By_Example_Where_Clause" />
    </if>
  </update>
  <update id="updateByExample" parameterType="map" >
    update comment
    set id = #{record.id,jdbcType=INTEGER},
      post_id = #{record.postId,jdbcType=INTEGER},
      name = #{record.name,jdbcType=VARCHAR},
      comment = #{record.comment,jdbcType=VARCHAR},
      create_on = #{record.createOn,jdbcType=TIMESTAMP},
      author_id = #{record.authorId,jdbcType=INTEGER}
    <if test="_parameter != null" >
      <include refid="Update_By_Example_Where_Clause" />
    </if>
  </update>
  <update id="updateByPrimaryKeySelective" parameterType="com.qfedu.mybatisblog.pojo.Comment" >
    update comment
    <set >
      <if test="postId != null" >
        post_id = #{postId,jdbcType=INTEGER},
      </if>
      <if test="name != null" >
        name = #{name,jdbcType=VARCHAR},
      </if>
      <if test="comment != null" >
        comment = #{comment,jdbcType=VARCHAR},
      </if>
      <if test="createOn != null" >
        create_on = #{createOn,jdbcType=TIMESTAMP},
      </if>
      <if test="authorId != null" >
        author_id = #{authorId,jdbcType=INTEGER},
      </if>
    </set>
    where id = #{id,jdbcType=INTEGER}
  </update>
  <update id="updateByPrimaryKey" parameterType="com.qfedu.mybatisblog.pojo.Comment" >
    update comment
    set post_id = #{postId,jdbcType=INTEGER},
      name = #{name,jdbcType=VARCHAR},
      comment = #{comment,jdbcType=VARCHAR},
      create_on = #{createOn,jdbcType=TIMESTAMP},
      author_id = #{authorId,jdbcType=INTEGER}
    where id = #{id,jdbcType=INTEGER}
  </update>
</mapper>